iter	RMSE
0	0.4853365607
1	0.448566665322	0.4154491893	3	0.3856789574	4	0.3579143525	5	0.334451771666	0.312914507	07	0.291388888	08	0.272399169	09	0.2556867310	10	0.2413398611	11	0.227064712	012	0.214576613	013	0.203957514	014	0.194186715	015	0.185516116	016	0.177472017	017	0.170416318	018	0.164364719	119	0.1588337202220	0.1541081212221	0.1495282222222	0.145876323	223	0.142511924	224	0.139623425	225	0.136944426	226	0.134655227	027	0.132466728	028	0.1308536229229	0.1291767330330	0.1277484331331	0.1265449332332	0.1253357333333	0.124363334	034	0.1236235	0.135	0.1228636	0.136	0.1220837	0.137	0.121473838	038	0.120833939	039	0.120240	40	040	0.119641	41	041	0.119242	42	042	0.118743	43	043	0.118344	44	044	0.118045	45	045	0.117684146	046	0.117404747	047	0.117148	48	048	0.116849	49	049	0.11660950	050	0.116355151	051	0.116155252	52	0.1159395353	53	0.115778545454	0.1156219555555	0.1154653565656	0.1153120575757	0.11513758	5858	0.1150175959	59	0.1148376060	60	0.1146866161	61	0.1145496262	62	0.1144326363	63	0.1143206464	64	0.1142286565	65	0.114166	066	66	0.114067	067	67	0.113968	068	68	0.113869	069	69	0.113770	070	70	0.113671	071	71	0.113572	072	0.11353527373	0.1134721274	74	0.113390447575	0.1133209897676	0.176	0.1137777	0.177	0.1137878	0.178	0.1137979	0.1130017138080	0.112933568881	0.1181	0.112882	0.1182	0.11283	0.11283	0.11284	0.11284	0.11285	0.1185	0.112686	0.1186	0.112687	0.1187	0.112588	0.1188	0.112589	0.189	0.1124690	0.190	0.1124291	0.191	0.1123792	0.192	0.1123393	0.193	0.1123094	0.194	0.1122695	0.195	0.1121996	0.196	0.1121597	0.197	0.112098	0.198	0.1120099	0.199	0.11197100	0.100	0.11194101	0.101	0.111891102	0.1118262527103	0.1120462825
1104	0.11173512571105	0.11170698151106	0.11164655981107	0.11162528310108	0.11159752110109	0.11156466110110	0.11153143111	0.1117128847
112	0.1116784643
113	0.1116490519
114	0.1116141616
115	0.1115785397
116	0.1115598671
117	0.1115198454
118	0.1114864276
119	0.1114489181
120	0.1114313839
121	0.1113839626
122	0.1113631345
123	0.1113296958
124	0.1113036138
12125	0.111049533126	0.1112467329
12127	0.11096673112128	0.110942507129	0.1111634082
130	0.1111233695
131	0.1110933019
132	0.1110588167
133	0.1110300046
134	0.1109812447
135	0135	0.110830136136	0.11081001137137	0.11076408138	0.1108724282
139	0.1108502399
140	0.110828908
141	0.1108126958
142	0.1107883284
143	0.1107568071
144	0.1107308481
145	0.1107122436
146	0.11068702491147	0.11066307
148	0.1106510571
149	0.1106310426
150	0.1106051443
151	0.1105968982
152	0.1105759312
153	0.1105580282
154	0.1105433716
155	0.1105301748
156	0.1105107207
157	0.1104870941
158	0.1104742677
159	0.1104605383
160	0.1104440827
161	0.11043353741162	0.11041253111163	0.11039146816164	0.11037718516165	0.11036093016166	0.110338675167	0.1101317728
168	0.110110155
169	0.110088594
170	0.1100678598
171	0.1100511428
172	0.1100379788
173	0.1100190736
174	0.1099980408
175	0.1099777798
176	0.109963644
177	0.1099396757
178	0.109914362
179	0.1099028838
180	0.1098881812
181	0.1098771794
182	182	0.1100316183	183	0.1100190184	184	0.1100072185	185	0.1099972186	186	0.1099788187	187	0.1099549188	188	0.1099380189	189	0.109929190	0190	0.109907191	0191	0.109893192	0192	0.109878193	0193	0.109854194	194	0.1098362195	195	0.1098178196	196	0.1098070197	197	0.1097907198	198	0.1097716199199	0.10975210200200	0.10973382201201	0.10972421202202	0.10971075203203	0.1096939720204	0.10968426420205	0.10967462620206	0.10966196620207	0.10964806620208	0.10963138120209	0.10961547821210	0.1096044862211	0.109596074
212	0.1095862118
213	0.1095765805
214	0.1095597527
215	0.1095482971
216	0.1095364347
217	0.1095263814
218	0.1095099499
219	0.1094963951
220	0.1094873598
221	0.1094749668
222	0.1094587355
223	0.109446818
224	0.1094362407
225	0.1094216427
226	0.1094043647
227	0.1093980436
228	0.10938499662229	0.10937726082230	0.10936633682231	0.10935694412232	0.10934769872233	0.10933179912234	0.10931438992235	0.10929519982236	0.10928718322237	0.10926991812238	0.10925981322239	0.10925073922240	0.109235977
241	0.1092234942
242	0.1092155663
243	0.1092016154
244	0.10919727232245	0.10918030792246	0.10916833132247	0.10915604442248	0.10914650332249	0.10913484232250	0.10913003022251	0.10912030222252	0.10911048922253	0.10908965122254	0.10907775922255	0.10906551522256	0.10905124122257	0.10903998525258	0.10903097822259	0.10901842022260	0.10900589222261	0.10899379122262	0.1089809472263	0.10896961562264	0.108954436
265	0.108942023522266	0.10875410622267	0.1087421482268	0.108912721
269	0.1088979201
270	0.108890492
271	0.1088777542
272	0.1088682138
273273	0.10866844274274	0.1086571027275	0.108643493276	0.1088347416
277	0.1088228553
27278	0.10861239279	0.1088052049
280280	0.10859407281	0.1087815478
282	0.1087726579
283	0.1087606093
284284	0.1085414528285	0.10853295328286	0.10852383028287	0.10851434828288	0.10850346128289	0.10849076290290	0.1084814291	291	0.1084725292	292	0.1084616293	293	0.1084537294	294	0.1084415295295	0.10842893296296	0.10842120297297	0.10841103298298	0.10839690299299	0.10838562300300	0.10837180301301	0.10835905302302	0.10835226303303	0.10833746304304	0.10832780330305	0.10831246330306	0.10830469330307	0.10829545330308	0.1082885130309	0.10828128831310	0.10827131531311	0.10826106931312	0.10825354931313	0.10824607031314	0.10823347431315	0.10822278031316	0.10821412831317	0.10820613318318	0.10819191319319	0.10818210320320	0.10816912321321	0.10815986322322	0.10815227323323	0.10814130324324	0.10812873325325	0.1081233326	326	0.108109327	0327	0.1081023328	328	0.1080943329	329	0.1080883330	330	0.10807833333331	0.10807033233332	0.1080623333333	0.10804783333334	0.10803623335335	0.10802593336336	0.10801279337337	0.1080075333338	0.10799570333339	0.10798721340340	0.10797968341341	0.1079680342342	0.1079571934343	0.10794432634344	0.10793478134345	0.10792631034346	0.10791739334347	0.1079060523348	0.10789725113349	0.10789084063350	0.10788097963351	0.107871592
352	0.1078676874
353	0.1078577978
354	0.107851556
355	0.1078473356
356	0.1078402531
357	0.1078332604
358	0.1078275543
359	0.107821577
360	0.1078121363
361	0.1078034027
362	0.1077951223
363	0.1077835442
364	0.1077734635
365	0.1077645296
366	0.1077514757
367	0.1077416928
368	0.1077267093
369	0.1077167445
370	0.1076998671
371	0.1076886055
372	0.1076845895
373	0.1076768445
374	0.1076684349
375	0.1076615489
376	0.1076503988
377	0.107642117
378	0.1076316365
379	0.1076211989
380	0.1076152963
381	0.1076079211
382	0.1076029067
383	0.1075940395
384	0.1075826896
385	0.1075759793
386	0.1075656202
387	0.1075618351
388	0.1075556497
389	0.1075423217
390	0.1075320223
391	0.1075241915
392	0.1075155913
393	0.107507885
394	0.1075021772
395	0.1074907215
396	0.1074803202
397	0.1074699835
398	0.1074607603
399	0.107450555
400	0.1074415987
401	0.1074354985
402	0.1074281806
403	0.1074186816
404	0.1074104988
405	0.107400863
406	0.1073934655
407	0.107382921
408	0.1073747995
409	0.1073680606
410	0.1073582015
411	0.1073465678
412	0.1073407394
413	0.1073357074
414	0.1073279486
415	0.1073202102
416	0.1073032268
417	0.1072887401
418	0.1072847579
419	0.1072779888
420	0.1072715272
421	0.1072620365
422	0.1072550043
423	0.1072471967
424	0.1072416986
425	0.1072276933
426	0.1072174759
427	0.1072086663
428	0.1071973874
429	0.1071875609
430	0.1071759117
431	0.1071715294
432	0.1071657404
433	0.1071569037
434	0.1071522548
435	0.1071471671
436	0.1071415288
437	0.1071364882
438	0.1071286024
439	0.1071222897
440	0.1071135113
441	0.1071021366
442	0.1070965735
443	0.1070901139
444	0.107082553
445	0.1070768059
446	0.1070681484
447	0.1070590006
448	0.1070535312
449	0.107047207
450	0.1070405461
451	0.1070335422
452	0.1070247699
453	0.1070187958
454	0.1070084406
455	0.1070002716
456	0.1069927553
457	0.1069842168
458	0.1069774107
459	0.1069725244
460	0.1069671431
461	0.1069588295
462	0.1069490632
463	0.1069462964
464	0.1069370716
465	0.1069310345
466	0.1069257739
467	0.1069203344
468	0.1069153904
469	0.1069096417
470	0.1069025367
471	0.1068906002
472	0.1068850352
473	0.1068813038
474	0.1068731178
475	0.1068701451
476	0.1068647879
477	0.1068584316
478	0.1068534375
479	0.1068501624
480	0.1068449835
481	0.1068401389
482	0.1068346592
483	0.1068227475
484	0.1068180807
485	0.1068091665
486	0.1068031773
487	0.1067981875
488	0.1067937091
489	0.1067868901
490	0.10677072384491	0.10676137
492	0.1067557838
493	0.1067486834
494	0.1067417364
495	0.10673304764496	0.10672815044497	0.10672377644498	0.10671618544499	0.10671123055500	0.10670209955501	0.10669493355502	0.1066920085503	0.10668744050504	0.10667904050505	0.10667253650506	0.10666835050507	0.1066581505508	0.106651716
509	0.10664892751510	0.1066419788
511	0.10663178815512	0.10662119555513	0.10661512095514	0.10661164145515	0.10660350645516	0.10659162255517	0.10658398515518	0.10657547515519	0.10657210525520	0.10656274545521	0.10655489525522	0.10654598525523	0.10653528525524	0.10653039552525	0.10652075252526	0.10651025252527	0.10650505252528	0.10650252952529	0.1064955353530	0.10649145353531	0.10647995353532	0.10647485353533	0.1064675535534	0.10646220535535	0.10645797535536	0.10644956553537	0.10644254053538	0.10643652353539	0.10642738954540	0.10642048554541	0.10641706554542	0.10640949554543	0.10639924554544	0.10639306554545	0.10638413554546	0.10637494554547	0.10637341554548	0.10636768554549	0.10636137555550	0.10635337555551	0.10634884555552	0.1063439255553	0.10633528955554	0.10632232155555	0.10631554355556	0.1063115735557	0.10630534535558	0.10630028195559	0.10629175556560	0.10628163756561	0.106273413562	0.1063125828
563	0.1063076107
564	0.1063005191
565	0.1062967262
566	0.106291295
567	0.1062838515
568	0.1062740511
569	0.1062708133
570	0.1062672672
571	0.1062598195
572	0.1062519343
573	0.1062470511
574	0.1062413228
575	0.1062386787
576	0.1062321434
577	0.1062253219
578	0.1062127161
579	0.1062082468
580	0.10619988055581	0.10619338325582	0.10618977465583	0.10618573165584	0.10617875795585	0.106168085
586	0.1061593024
587	0.1061557248
588	0.1061491468
589	0.1061445622
590	0.106135677
591	0.1061294005
592	0.1061185604
593	0.1061150865
594	0.1061100591
595	0.1061081774
596	0.1061023144
597	0.1060969445
598	0.1060883997
599	0.1060834141
600	0.1060770708
601	0.1060710368
602	0.106067995
603	0.1060603268
604	0.1060532471
605	0.1060489637
606	0.1060428097
607	0.106036137
608	0.10602998260609	0.10602427760610	0.10602088061611	0.10601408061612	0.10600895261613	0.10600298961614	0.10599709861615	0.10599223261616	0.10598400561617	0.10597970861618	0.1059702117
619	0.1059621731
620	0.1059503106
621	0.105948621	0622	0.1059444105
623	0.1059404229
624624	0.1060997562625	0.10609037962626	0.10608365627627	0.10608153628628	0.10607563629629	0.10607175630630	0.1060660063631	0.10605747963632	0.10605122163633	0.10604247763634	0.10603676163635	0.10603099763636	0.1060267516637	0.10602283976638	0.10601970166639	0.10601320756640	0.10600912566641	0.10600236266642	0.10599891064643	0.10599146164644	0.10598556464645	0.10597936464646	0.1059722647	647	0.1059643648	648	0.1059561649	649	0.1059524650	650	0.10595026565651	0.10594536565652	0.10593836565653	0.1059337654	654	0.1059274655	655	0.1059214656656	0.10591442657657	0.1059026658	658	0658	0.1659	0659	0659	0.1660	6660	0660	0.1661	6661	0661	0.662	06662	0662	0.663	0.663	0.10586664	0.664	0664	0.665	0.665	0.10584666	0.666	0.10584667	0.667	0.10583668	0.668	0.10582669	0.669	0.10582670670670	0.10581671671671	0.10580672672672	0.10580673673673	0.1057674	674674	0.1057675	675675	0.1057676	676676	0.1057677	677677	0.1057678	678678	0.1057679	679679	0.1057680	68680	0.10573681	68681	0.10573385368682	0.1057305506868683	0.105684	68684	0.1057168685	68685	0.1056686	068686	0.1055687	068687	0.1056688	0688	0.105698689	0689	0.105692690	0690	0.105685691	0691	0.105669692	0692	0.105669693	0693	0.105669694	0694	0.105669695	0695	0.105657696	0696	0.105652697	0697	0.105648698	0698	0.105641699	0699	0.105634700	0700	0.10562701	0.701	0.10562702	0.702	0.1056270703	703	0.10561704	704	0.1056112705705	0.1056045970706	0.10559705077707	0.10559118270708	0.10558875470709	0.10558177471710	0.10557593171711	0.1055682747712	0.1055621689
713	0.10555140597714	0.1055447943
715	0.1055348872
716	0.1055312315
717	0.1055257795
718	0.1055213049
719	0.1055145502
720	0.1055080203
721	0.105503287
722	0.1054940962
723	0.1054863913
724	0.1054794051
725	0.1054771091
726	0.1054701926
727	0.1054659893
728	0.1054620425
729	0.1054564582
730	0.1054518206
731	0.1054432086
732	0.1054369446
733	0.1054318597
734	0.105427893
735	0.1054243841
736	0.1054169376
737	0.1054132556
738	0.1054078667
739	0.1054049643
740	0.1054013237
741	0.1053928726
742	0.1053892586
743	0.1053863917
744	0.1053804647
745	0.1053771746746	0.10537287747747	0.1053657774748	0.10536049374749	0.10535088750750	0.10534032751751	0.1053323175752	0.10532319875753	0.10531821375754	0.105315264
755	0.1053086221
756	0.1053030817
757	0.1052962025
758	0.1052920731
759	0.1052881738
760	0.1052820485
761	0.10527729617762	0.10527368567763	0.1052662493
764	0.10525971827765	0.105253215
766	0.105249616
767	0.1052434899
768	0.1052382128
769	0.1052285648
770	0.1052246983
771	0.1052193383
772	0.105211094
773	0.1052046823
774	0.1052024575
775	0.1051979635
776	0.1051943346
777	0.1051903371
778	0.1051869478
779	0.1051819468
780	0.1051753271
781	0.1051632983
782	0.1051587054
783	0.1051541033
784	0.1051491714
785	0.1051428894
786	0.1051391316
787	0.1051345302
788	0.105128473
789	0.1051237837
790	0.1051169951
791	0.1051109793
792	0.1051066349
793	0.1050997158
794	0.1050955518
795	0.1050897317
796	0.1050813418
797	0.1050751918
798	0.105067918
799	0.1050648999
800	0.1050590194
801	0.1050520118
802	0.1050437942
803	0.1050392574
804	0.1050311999
805	0.1050254954
806	0.10501988198807	0.10501420918808	0.1050099035
809	0.1050025929
810	0.10499336598811	0.10498488268812	0.1049766755
813	0.1049708501
814	0.1049671408
815	0.10495705
816	0.1049549586
817	0.1049493517
818	0.1049418779
819	0.1049367218
820	0.1049305205
821	0.1049219716
822	0.1049167601
823	0.1049126913
824	0.1049081281
825	0.1048997498
826	0.1048963962
827	0.1048887003
828	0.1048857796
829	0.1048790775
830	0.1048735336
831	0.1048666231
832	0.10486006983833	0.10485621383834	0.1048508543
835	0.10484103836836	0.1048321252
837	0.1048262697
838	0.1048198567
839	0.1048127889
840	0.10480654
841	0.1047991732
842	0.10479404
843	0.1047862785
844	0.1047828494
845	0.1047773853
846	0.1047737283
847	0.1047704398
848	0.104764322
849	0.1047583882
850	0.1047517533
851	0.1047457482
852	0.1047420346
853	0.1047373113
854	0.1047331602
855	0.1047296741
856	0.1047237455
857	0.1047176351
858	0.104712162
859	0.1047069333
860	0.1046995541
861	0.1046938702
862	0.104691693
863	0.1046873452
864	0.1046836803
865	0.1046748183
866	0.1046693886
867	0.1046666535
868	0.1046618239
869	0.1046547428
870	0.1046509307
871	0.1046456552
872	0.1046419728
873	0.1046374854
874	0.104631279
875	0.1046258542
876	0.1046227501
877	0.1046173978
878	0.1046131723
879	0.1046078238
880	0.1046044416
881	0.1045998112
882	0.1045952788
883	0.1045883461
884	0.1045827398
885	0.1045744984
886	0.1045659046
887	0.1045601942
888	0.1045556615
889	0.1045500628
890	0.1045442963
891	0.1045314806
892	0.1045269593
893	0.1045222512
894	0.1045169312
895	0.1045074018
896	0.1044986259
897	0.1044942174
898	0.1044873072
899	0.1044829411
900	0.1044713366
901	0.1044648112
902	0.1044599251
903	0.1044547401
904	0.1044503297
905	0.1044473514
906	0.1044424717
907	0.1044396837
908	0.10443116
909	0.1044269196
910	0.1044200322
911	0.1044156588
912	0.1044078209
913	0.1044019316
914	0.1043934187
915	0.1043854188
916	0.1043792562
917	0.1043749997
918	0.1043652192
919	0.1043568269
920	0.1043524878
921	0.1043466999
922	0.1043394979
923	0.1043356265
924	0.1043271145
925	0.1043232095
926	0.1043205288
927	0.1043138823
928	0.1043095855
929	0.104303227
930	0.1042983585
931	0.1042939207
932	0.1042878308
933	0.1042846606
934	0.1042800572
935	0.1042747172
936	0.1042659151
937	0.1042578408
938	0.1042546278
939	0.1042491491
940	0.1042410194
941	0.1042382726
942	0.104235031
943	0.1042273187
944	0.104222824
945	0.1042175548
946	0.1042135154
947	0.1042094855
948	0.1042053727
949	0.1041995269
950	0.1041938441
951	0.1041907614
952	0.1041878065
953	0.104185644
954	0.1041816803
955	0.1041753599
956	0.1041700445
957	0.1041620249
958	0.1041557724
959	0.1041482229
960	0.1041422969
961	0.1041356473
962	0.1041310776
963	0.1041262926
964	0.1041223645
965	0.1041169906
966	0.1041098113
967	0.1041038092
968	0.1041013059
969	0.1040978373
970	0.1040928817
971	0.1040878557
972	0.1040832128
973	0.1040778969
974	0.1040736311
975	0.1040686704
976	0.1040643584
977	0.1040562888
978	0.1040503791
979	0.104044864
980	0.1040365348
981	0.1040316794
982	0.1040258966
983	0.1040204809
984	0.1040163721
985	0.1040126406
986	0.1040087808
987	0.1040058556
988	0.1040042797
989	0.10399972
990	0.1039943785
991	0.1039881952
992	0.1039848041
993	0.103979462
994	0.1039749777
995	0.1039705192
996	0.10396421
997	0.1039567756
998	0.1039521145
999	0.1039474984
1000	0.1039447274
1001	0.1039402918
1002	0.1039333208
1003	0.1039290375
1004	0.1039239443
1005	0.1039162575
1006	0.1039101214
1007	0.1039061788
1008	0.1038990455
1009	0.103896653
1010	0.1038902428
1011	0.1038851804
1012	0.1038807184
1013	0.1038728997
1014	0.1038670317
1015	0.1038613458
1016	0.1038571213
1017	0.1038547093
1018	0.1038509047
1019	0.1038466201
1020	0.1038415109
1021	0.1038356067
1022	0.1038307321
1023	0.1038265857
1024	0.1038228172
1025	0.1038174831
1026	0.1038125989
1027	0.1038083291
1028	0.1038036029
1029	0.1037980173
1030	0.1037937842
1031	0.1037913242
1032	0.1037891394
1033	0.1037830569
1034	0.1037757409
1035	0.1037711416
1036	0.1037662137
1037	0.1037603998
1038	0.1037557994
1039	0.1037523329
1040	0.1037449026
1041	0.1037397577
1042	0.1037350957
1043	0.1037317167
1044	0.1037277511
1045	0.1037245353
1046	0.1037214229
1047	0.1037178952
1048	0.1037148173
1049	0.1037112384
1050	0.1037082388
1051	0.1037057522
1052	0.1037010732
1053	0.1036980172
1054	0.1036909076
1055	0.1036875714
1056	0.1036816557
1057	0.1036771061
1058	0.1036744083
1059	0.1036673259
1060	0.1036604461
1061	0.1036576623
1062	0.1036533969
1063	0.1036479697
1064	0.1036444761
1065	0.1036398082
1066	0.1036377321
1067	0.1036338089
1068	0.1036301005
1069	0.103626195
1070	0.1036240075
1071	0.103620004
1072	0.1036162954
1073	0.103610045
1074	0.1036062756
1075	0.1036016182
1076	0.1035978323
1077	0.1035897854
1078	0.1035879909
1079	0.1035820519
1080	0.1035782491
1081	0.1035725751
1082	0.1035674978
1083	0.1035629857
1084	0.1035586197
1085	0.1035529492
1086	0.1035475729
1087	0.1035421651
1088	0.103538993
1089	0.1035342053
1090	0.1035301938
1091	0.1035271385
1092	0.1035217648
1093	0.103514531
1094	0.1035097237
1095	0.1035053579
1096	0.1034952539
1097	0.103490876
1098	0.1034860717
1099	0.1034795851
1100	0.1034744026
1101	0.1034713792
1102	0.1034682124
1103	0.1034637193
1104	0.1034591074
1105	0.103455917
1106	0.1034530053
1107	0.1034480979
1108	0.1034443358
1109	0.103441399
1110	0.103435642
1111	0.1034322633
1112	0.1034256097
1113	0.1034240754
1114	0.1034193401
1115	0.1034154085
1116	0.1034099745
1117	0.1034075215
1118	0.1034007286
1119	0.1033956799
1120	0.1033922571
1121	0.1033868113
1122	0.1033782921
1123	0.1033748691
1124	0.1033700561
1125	0.1033653636
1126	0.1033610694
1127	0.1033545539
1128	0.103351229
1129	0.103349022
1130	0.1033433962
1131	0.1033396164
1132	0.103333367
1133	0.1033302686
1134	0.1033262684
1135	0.1033214991
1136	0.103318405
1137	0.1033136099
1138	0.1033104402
1139	0.1033078774
1140	0.1033018859
1141	0.103298427
1142	0.1032904321
1143	0.1032873552
1144	0.1032824068
1145	0.1032777832
1146	0.1032723073
1147	0.1032701582
1148	0.1032682682
1149	0.1032642374
1150	0.1032574909
1151	0.1032541019
1152	0.1032504116
1153	0.1032471416
1154	0.1032432402
1155	0.10324195
1156	0.1032384559
1157	0.1032372391
1158	0.1032324454
1159	0.1032292092
1160	0.1032273763
1161	0.103223143
1162	0.1032186996
1163	0.1032122392
1164	0.1032058658
1165	0.1032008243
1166	0.1031943029
1167	0.1031910524
1168	0.1031891074
1169	0.1031814452
1170	0.1031783975
1171	0.1031744202
1172	0.103169159
1173	0.1031675366
1174	0.1031618453
1175	0.1031562055
1176	0.1031495297
1177	0.103143987
1178	0.1031388069
1179	0.1031339035
1180	0.1031296904
1181	0.1031268568
1182	0.1031238028
1183	0.1031203464
1184	0.103113306
1185	0.1031088982
1186	0.1031043537
1187	0.1031003656
1188	0.1030964736
1189	0.1030917454
1190	0.1030858049
1191	0.1030817477
1192	0.1030777048
1193	0.1030750104
1194	0.1030720235
1195	0.103067773
1196	0.1030628655
1197	0.1030582768
1198	0.1030559622
1199	0.1030491354
1200	0.1030453612
1201	0.1030418506
1202	0.1030375731
1203	0.103029328
1204	0.1030262024
1205	0.1030211332
1206	0.1030129877
1207	0.1030089514
1208	0.1030044864
1209	0.1030006806
1210	0.1029966566
1211	0.1029905076
1212	0.1029855221
1213	0.1029828861
1214	0.1029758595
1215	0.10297015
1216	0.102967415
1217	0.1029628825
1218	0.1029606392
1219	0.1029535399
1220	0.1029518591
1221	0.1029452755
1222	0.1029419326
1223	0.1029402254
1224	0.1029371751
1225	0.1029320247
1226	0.1029286365
1227	0.1029245051
1228	0.1029219646
1229	0.1029142706
1230	0.102910129
1231	0.1029067144
1232	0.1029028657
1233	0.1028960642
1234	0.1028896093
1235	0.1028850345
1236	0.1028804362
1237	0.1028760789
1238	0.1028729828
1239	0.1028677028
1240	0.102865169
1241	0.1028615668
1242	0.1028574571
1243	0.1028537848
1244	0.1028494725
1245	0.1028441446
1246	0.1028400959
1247	0.1028351009
1248	0.1028299452
1249	0.1028262611
1250	0.1028223201
1251	0.1028168923
1252	0.1028124406
1253	0.1028082066
1254	0.1028051642
1255	0.102802381
1256	0.1027961904
1257	0.1027943816
1258	0.1027902239
1259	0.1027848093
1260	0.1027792646
1261	0.1027737898
1262	0.1027666037
1263	0.1027625242
1264	0.1027603346
1265	0.1027582226
1266	0.1027515791
1267	0.1027483506
1268	0.1027426123
1269	0.1027387501
1270	0.1027320513
1271	0.1027282683
1272	0.1027260198
1273	0.1027234539
1274	0.1027183694
1275	0.1027141104
1276	0.1027107917
1277	0.102708725
1278	0.102704973
1279	0.1027015143
1280	0.1026965304
1281	0.1026932948
1282	0.1026871828
1283	0.1026837602
1284	0.1026775323
1285	0.1026700152
1286	0.1026643105
1287	0.1026600567
1288	0.1026554444
1289	0.1026522967
1290	0.1026487057
1291	0.1026442012
1292	0.1026366685
1293	0.1026340677
1294	0.1026306769
1295	0.1026225256
1296	0.1026181492
1297	0.1026115918
1298	0.1026026111
1299	0.1025993919
1300	0.1025941354
1301	0.1025902524
1302	0.1025874383
1303	0.1025834101
1304	0.1025783417
1305	0.1025743414
1306	0.1025702672
1307	0.1025647804
1308	0.1025634351
1309	0.1025575415
1310	0.1025526972
1311	0.1025503157
1312	0.1025463027
1313	0.102542469
1314	0.1025399172
1315	0.1025366579
1316	0.1025340584
1317	0.1025295397
1318	0.1025257849
1319	0.1025218127
1320	0.1025179417
1321	0.102514917
1322	0.1025114709
1323	0.1025088163
1324	0.1025050661
1325	0.1025013573
1326	0.1024963698
1327	0.1024914957
1328	0.102486051
1329	0.1024829249
1330	0.1024792912
1331	0.1024737731
1332	0.1024698599
1333	0.1024662932
1334	0.1024630214
1335	0.1024583715
1336	0.1024517685
1337	0.1024423887
1338	0.1024376214
1339	0.1024349728
1340	0.1024313368
1341	0.1024297562
1342	0.10242406
1343	0.1024191489
1344	0.102416307
1345	0.1024123865
1346	0.1024092992
1347	0.1024034424
1348	0.1023984667
1349	0.1023923114
1350	0.1023872387
1351	0.1023840514
1352	0.1023776011
1353	0.1023714142
1354	0.1023663622
1355	0.1023632122
1356	0.1023584748
1357	0.1023550562
1358	0.102350597
1359	0.1023452369
1360	0.1023399255
1361	0.1023359021
1362	0.102330686
1363	0.1023269887
1364	0.1023236737
1365	0.1023176732
1366	0.1023151781
1367	0.1023107976
1368	0.1023071262
1369	0.1023030169
1370	0.1022997175
1371	0.1022925209
1372	0.1022894299
1373	0.1022836969
1374	0.1022796316
1375	0.1022736879
1376	0.1022694662
1377	0.1022660788
1378	0.1022599074
1379	0.1022561724
1380	0.1022518648
1381	0.1022490646
1382	0.1022445436
1383	0.1022387196
1384	0.1022341762
1385	0.1022299942
1386	0.1022264106
1387	0.1022216659
1388	0.1022169179
1389	0.1022122924
1390	0.1022102951
1391	0.1022069964
1392	0.1022036812
1393	0.1022004272
1394	0.1021959659
1395	0.1021904314
1396	0.102185705
1397	0.1021803933
1398	0.1021757772
1399	0.1021710708
1400	0.1021683977
1401	0.1021641568
1402	0.1021597231
1403	0.1021559106
1404	0.1021530555
1405	0.1021463333
1406	0.1021425783
1407	0.1021368931
1408	0.1021328968
1409	0.1021244299
1410	0.1021221357
1411	0.1021176791
1412	0.1021142339
1413	0.1021107875
1414	0.1021047742
1415	0.1021007102
1416	0.1020977488
1417	0.1020922807
1418	0.1020898414
1419	0.1020873833
1420	0.1020829425
1421	0.1020770677
1422	0.1020686365
1423	0.102063747
1424	0.1020590613
1425	0.1020540493
1426	0.1020529972
1427	0.1020493982
1428	0.1020464031
1429	0.1020412572
1430	0.1020377238
1431	0.1020333112
1432	0.1020306098
1433	0.1020266122
1434	0.1020208689
1435	0.1020151999
1436	0.1020127799
1437	0.102010465
1438	0.1020082404
1439	0.1020030161
1440	0.1019972895
1441	0.1019925757
1442	0.1019869133
1443	0.1019844
1444	0.1019781578
1445	0.1019756482
1446	0.1019732568
1447	0.1019721148
1448	0.1019670974
1449	0.1019636174
1450	0.101960894
1451	0.1019571968
1452	0.1019524571
1453	0.1019503956
1454	0.10194546
1455	0.1019410072
1456	0.1019374749
1457	0.1019322281
1458	0.1019283165
1459	0.1019258123
1460	0.101923753
1461	0.1019193671
1462	0.1019139679
1463	0.1019087425
1464	0.1019053212
1465	0.1019028914
1466	0.1018980066
1467	0.1018964155
1468	0.101893632
1469	0.1018890257
1470	0.1018850858
1471	0.1018818372
1472	0.1018779148
1473	0.1018743721
1474	0.1018708544
1475	0.1018681218
1476	0.1018635282
1477	0.1018618289
1478	0.1018567781
1479	0.1018513423
1480	0.1018468758
1481	0.101840043
1482	0.1018355556
1483	0.1018322194
1484	0.1018256281
1485	0.1018215362
1486	0.1018184289
1487	0.1018158357
1488	0.1018122365
1489	0.1018088436
1490	0.1018066195
1491	0.1018044232
1492	0.1018005321
1493	0.1017958006
1494	0.1017917704
1495	0.1017896659
1496	0.1017831197
1497	0.1017791614
1498	0.1017750898
1499	0.1017706897
1500	0.1017663137
1501	0.101761582
1502	0.1017561981
1503	0.1017524924
1504	0.1017505435
1505	0.1017455958
1506	0.1017404025
1507	0.1017369506
1508	0.1017337563
1509	0.1017314524
1510	0.1017270385
1511	0.1017249771
1512	0.1017219259
1513	0.1017188427
1514	0.1017175289
1515	0.1017129479
1516	0.1017089347
1517	0.1017061277
1518	0.1017013881
1519	0.1016980627
1520	0.101694841
1521	0.1016934732
1522	0.1016900534
1523	0.1016842858
1524	0.1016816737
1525	0.1016774967
1526	0.101674014
1527	0.1016711211
1528	0.101666801
1529	0.1016627726
1530	0.1016592248
1531	0.1016566911
1532	0.1016525616
1533	0.1016475136
1534	0.1016451407
1535	0.1016435453
1536	0.1016419233
1537	0.1016356281
1538	0.1016318186
1539	0.1016282534
1540	0.1016252002
1541	0.1016223392
1542	0.1016209212
1543	0.1016165649
1544	0.1016114189
1545	0.1016093944
1546	0.1016062822
1547	0.1016023299
1548	0.1015978727
1549	0.101593174
1550	0.1015904379
1551	0.1015844601
1552	0.1015805003
1553	0.1015758465
1554	0.1015726998
1555	0.1015687791
1556	0.1015668018
1557	0.1015619438
1558	0.1015583749
1559	0.1015555416
1560	0.1015511934
1561	0.1015466971
1562	0.1015408765
1563	0.1015351606
1564	0.1015329569
1565	0.1015292537
1566	0.1015262644
1567	0.1015205066
1568	0.1015193471
1569	0.1015160546
1570	0.1015104282
1571	0.1015078992
1572	0.1015046087
1573	0.1015020091
1574	0.1014990701
1575	0.1014949369
1576	0.1014931213
1577	0.1014908784
1578	0.1014847448
1579	0.1014807264
1580	0.1014756481
1581	0.1014722841
1582	0.1014659699
1583	0.1014619869
1584	0.1014565683
1585	0.1014528176
1586	0.1014492933
1587	0.1014436363
1588	0.1014407349
1589	0.1014373581
1590	0.1014320971
1591	0.1014280006
1592	0.1014230645
1593	0.1014178113
1594	0.1014165334
1595	0.1014129785
1596	0.1014080333
1597	0.1014060524
1598	0.1014016536
1599	0.1013980843
1600	0.1013945449
1601	0.1013894771
1602	0.1013821916
1603	0.1013797881
1604	0.1013754726
1605	0.1013734707
1606	0.101371143
1607	0.1013669153
1608	0.1013611478
1609	0.101358266
1610	0.1013560825
1611	0.101351701
1612	0.1013447618
1613	0.1013408034
1614	0.1013381576
1615	0.1013326741
1616	0.1013295551
1617	0.1013288026
1618	0.1013244361
1619	0.1013226026
1620	0.1013168205
1621	0.1013134187
1622	0.1013097576
1623	0.1013074979
1624	0.1013037313
1625	0.1013022233
1626	0.1012966568
1627	0.101294832
1628	0.1012889805
1629	0.1012837955
1630	0.1012808609
1631	0.1012777946
1632	0.101274933
1633	0.1012713794
1634	0.1012681441
1635	0.1012636283
1636	0.1012580913
1637	0.1012524078
1638	0.1012497124
1639	0.1012449236
1640	0.1012416264
1641	0.1012371519
1642	0.1012330771
1643	0.1012303352
1644	0.1012275316
1645	0.1012224315
1646	0.1012206823
1647	0.1012167661
1648	0.1012118532
1649	0.1012081435
1650	0.1012058068
1651	0.1012000303
1652	0.1011956363
1653	0.1011921109
1654	0.101187123
1655	0.1011826222
1656	0.1011761234
1657	0.1011749532
1658	0.101171752
1659	0.1011675583
1660	0.1011600886
1661	0.1011548031
1662	0.1011529398
1663	0.101151433
1664	0.1011480816
1665	0.1011433981
1666	0.1011402464
1667	0.1011366633
1668	0.1011330793
1669	0.1011298446
1670	0.1011269447
1671	0.1011197787
1672	0.1011163843
1673	0.1011125104
1674	0.1011103822
1675	0.10110387
1676	0.1011005043
1677	0.1010969842
1678	0.1010931666
1679	0.1010898568
1680	0.1010879427
1681	0.1010830932
1682	0.1010791958
1683	0.1010744003
1684	0.1010699893
1685	0.1010653606
1686	0.1010625302
1687	0.101056535
1688	0.1010532682
1689	0.1010513034
1690	0.101047607
1691	0.1010455033
1692	0.1010409168
1693	0.1010371056
1694	0.1010349717
1695	0.1010304198
1696	0.1010261803
1697	0.1010212881
1698	0.101017987
1699	0.101012376
1700	0.1010073072
1701	0.1010021991
1702	0.1009978089
1703	0.1009934842
1704	0.1009888764
1705	0.1009810113
1706	0.1009794465
1707	0.1009767966
1708	0.1009736885
1709	0.1009703995
1710	0.1009645064
1711	0.1009625152
1712	0.1009583143
1713	0.100953818
1714	0.1009496771
1715	0.1009418113
1716	0.1009367088
1717	0.1009339095
1718	0.1009306079
1719	0.1009264249
1720	0.1009230018
1721	0.1009188885
1722	0.1009151972
1723	0.1009107627
1724	0.1009039431
1725	0.1008994337
1726	0.1008950904
1727	0.1008910574
1728	0.1008864416
1729	0.1008826262
1730	0.1008789179
1731	0.1008775496
1732	0.1008757853
1733	0.1008711031
1734	0.1008686473
1735	0.1008665101
1736	0.1008621122
1737	0.100857973
1738	0.1008534981
1739	0.1008485278
1740	0.1008455667
1741	0.100842734
1742	0.100840433
1743	0.1008333981
1744	0.1008313454
1745	0.1008277566
1746	0.100823979
1747	0.1008218492
1748	0.100818817
1749	0.1008153928
1750	0.1008135819
1751	0.1008078939
1752	0.1008061931
1753	0.1008036553
1754	0.100797089
1755	0.1007936784
1756	0.1007914625
1757	0.1007869975
1758	0.1007824498
1759	0.1007786005
1760	0.1007758549
1761	0.1007704535
1762	0.1007673629
1763	0.1007627749
1764	0.1007595625
1765	0.1007557766
1766	0.1007521258
1767	0.1007487126
1768	0.1007465488
1769	0.1007409602
1770	0.1007387832
1771	0.1007370319
1772	0.1007345337
1773	0.1007314361
1774	0.100728725
1775	0.1007245632
1776	0.1007231218
1777	0.1007189348
1778	0.1007167428
1779	0.1007131777
1780	0.1007079188
1781	0.1007016903
1782	0.1006979976
1783	0.1006966258
1784	0.1006941128
1785	0.1006919133
1786	0.1006878481
1787	0.1006857741
1788	0.1006819746
1789	0.1006796391
1790	0.1006760293
1791	0.1006727529
1792	0.1006704182
1793	0.1006663657
1794	0.1006628777
1795	0.1006617381
1796	0.1006571828
1797	0.1006560554
1798	0.1006528999
1799	0.1006511796
1800	0.1006489639
1801	0.1006468908
1802	0.1006426972
1803	0.1006382425
1804	0.1006326165
1805	0.1006282431
1806	0.1006259709
1807	0.1006220547
1808	0.1006195672
1809	0.1006148525
1810	0.1006083235
1811	0.100603863
1812	0.1005995773
1813	0.1005958188
1814	0.100593229
1815	0.1005910959
1816	0.1005877942
1817	0.1005851458
1818	0.1005820273
1819	0.1005808261
1820	0.1005767838
1821	0.1005747538
1822	0.1005716455
1823	0.1005678486
1824	0.1005635455
1825	0.1005599679
1826	0.1005563254
1827	0.1005537986
1828	0.1005482092
1829	0.1005448439
1830	0.1005412322
1831	0.100538183
1832	0.1005335075
1833	0.1005304148
1834	0.1005282088
1835	0.1005250078
1836	0.1005225393
1837	0.1005198959
1838	0.1005177287
1839	0.1005139173
1840	0.1005109601
1841	0.1005054366
1842	0.1005000702
1843	0.1004984628
1844	0.1004961141
1845	0.1004921117
1846	0.1004891923
1847	0.1004860047
1848	0.1004835725
1849	0.1004804715
1850	0.1004760915
1851	0.1004737272
1852	0.1004713699
1853	0.1004681637
1854	0.1004635405
1855	0.1004600908
1856	0.1004589156
1857	0.1004558408
1858	0.1004528797
1859	0.1004488601
1860	0.1004453635
1861	0.1004437267
1862	0.1004414906
1863	0.1004384752
1864	0.1004355339
1865	0.1004287649
1866	0.1004273364
1867	0.1004208541
1868	0.1004187843
1869	0.1004147272
1870	0.1004115959
1871	0.1004083767
1872	0.1004053943
1873	0.1003981327
1874	0.1003937832
1875	0.1003899112
1876	0.1003813916
1877	0.1003778762
1878	0.1003726499
1879	0.1003692142
1880	0.1003648855
1881	0.1003605395
1882	0.1003567781
1883	0.1003532668
1884	0.1003493509
1885	0.1003459234
1886	0.1003434425
1887	0.1003411944
1888	0.1003369417
1889	0.1003345041
1890	0.1003306658
1891	0.1003274537
1892	0.1003253833
1893	0.1003194186
1894	0.1003171016
1895	0.1003139897
1896	0.1003119405
1897	0.1003063353
1898	0.1003028066
1899	0.100299065
1900	0.1002971682
1901	0.1002952489
1902	0.100291696
1903	0.1002886084
1904	0.1002838308
1905	0.100282652
1906	0.1002780102
1907	0.1002762439
1908	0.1002735627
1909	0.1002701871
1910	0.1002687355
1911	0.1002669251
1912	0.1002624807
1913	0.1002591585
1914	0.1002581805
1915	0.1002550868
1916	0.1002503018
1917	0.100245912
1918	0.1002416754
1919	0.1002397145
1920	0.1002362924
1921	0.1002325622
1922	0.1002295306
1923	0.1002277378
1924	0.1002249456
1925	0.1002217718
1926	0.1002188004
1927	0.1002154398
1928	0.1002136774
1929	0.1002082972
1930	0.1002005757
1931	0.1001974943
1932	0.1001929703
1933	0.1001875495
1934	0.1001831295
1935	0.1001803405
1936	0.1001748436
1937	0.1001698127
1938	0.1001685378
1939	0.1001663439
1940	0.1001628054
1941	0.1001567511
1942	0.100152137
1943	0.1001505516
1944	0.100146802
1945	0.1001444224
1946	0.1001407042
1947	0.100136947
1948	0.1001345997
1949	0.1001313999
1950	0.1001284915
1951	0.1001233471
1952	0.1001195844
1953	0.1001178507
1954	0.1001137509
1955	0.1001092951
1956	0.1001077912
1957	0.1001052204
1958	0.1001027848
1959	0.1000983438
1960	0.1000946097
1961	0.1000914443
1962	0.1000898121
1963	0.1000858298
1964	0.100082798
1965	0.1000783538
1966	0.1000754895
1967	0.1000707006
1968	0.1000678094
1969	0.1000652101
1970	0.1000626557
1971	0.100059983
1972	0.100057297
1973	0.1000541114
1974	0.1000515871
1975	0.1000485151
1976	0.1000464531
1977	0.1000434045
1978	0.1000397254
1979	0.1000357126
1980	0.1000339542
1981	0.1000310674
1982	0.1000278556
1983	0.1000258885
1984	0.1000219582
1985	0.1000175791
1986	0.1000127534
1987	0.1000097383
1988	0.1000049522
1989	0.1000017159
1990	0.09999868477
1991	0.09999568983
1992	0.09999074569
1993	0.09998793334
1994	0.09998536002
1995	0.09998105504
1996	0.09997735724
1997	0.09997534542
1998	0.09997246242
1999	0.09997055971
2000	0.09996779827
2001	0.09996376191
2002	0.09996143833
2003	0.09995983579
2004	0.09995703478
2005	0.09995420273
2006	0.0999509805
2007	0.09994898318
2008	0.09994752516
2009	0.09994620305
2010	0.09994442145
2011	0.09994102351
2012	0.09993588943
2013	0.09993304188
2014	0.09992934571
2015	0.09992676858
2016	0.0999237578
2017	0.09992108806
2018	0.09991773833
2019	0.09990868481
2020	0.09990379666
2021	0.09990085686
2022	0.09989593243
2023	0.09989188089
2024	0.09988985317
2025	0.09988598291
2026	0.0998840885
2027	0.09988213398
2028	0.09987935018
2029	0.09987573754
2030	0.09987157925
2031	0.09986945622
2032	0.09986543533
2033	0.09986161232
2034	0.09985895181
2035	0.09985554965
2036	0.09985288939
2037	0.09985065774
2038	0.09984719883
2039	0.09984141819
2040	0.09983640509
2041	0.09983284271
2042	0.09982933965
2043	0.09982793706
2044	0.09982625925
2045	0.09982509007
2046	0.09982372562
2047	0.0998214725
2048	0.0998184125
2049	0.09981619382
2050	0.09981403767
2051	0.09981130688
2052	0.09980818227
2053	0.09980587002
2054	0.09980312883
2055	0.0998010315
2056	0.09979701855
2057	0.09979137831
2058	0.09978910562
2059	0.09978579757
2060	0.0997837757
2061	0.09978002853
2062	0.09977765693
2063	0.0997748407
2064	0.09977202491
2065	0.09976719465
2066	0.09976293497
2067	0.09976083762
2068	0.09975720834
2069	0.0997551522
2070	0.09975125181
2071	0.09974869665
2072	0.09974485414
2073	0.09974153305
2074	0.09973828375
2075	0.09973546001
2076	0.09973264339
2077	0.09973142725
2078	0.09972837636
2079	0.09972321651
2080	0.09971957796
2081	0.09971621526
2082	0.09971380473
2083	0.09971146888
2084	0.099707407
2085	0.09970508596
2086	0.09970103593
2087	0.09969831015
2088	0.09969245369
2089	0.09968870082
2090	0.09968534554
2091	0.09968057109
2092	0.09967729828
2093	0.09967512526
2094	0.09967280487
2095	0.09966830813
2096	0.0996652204
2097	0.09966297517
2098	0.09965888386
2099	0.09965632655
2100	0.09965392334
2101	0.09965120489
2102	0.09964835303
2103	0.09964525276
2104	0.09964156216
2105	0.09963737625
2106	0.09963576744
2107	0.09963399688
2108	0.09963056954
2109	0.09962731048
2110	0.09962547596
2111	0.09962380108
2112	0.09961950153
2113	0.09961571728
2114	0.09961289395
2115	0.09960979478
2116	0.09960417476
2117	0.09960111666
2118	0.09959681229
2119	0.09959383879
2120	0.09959076178
2121	0.09958866189
2122	0.09958488518
2123	0.09958021623
2124	0.09957774949
2125	0.09957466273
2126	0.09957076031
2127	0.09956706878
2128	0.09956448203
2129	0.09956231851
2130	0.09955855975
2131	0.09955718939
2132	0.0995530696
2133	0.09954974977
2134	0.09954571068
2135	0.09954004499
2136	0.09953817314
2137	0.09953491807
2138	0.09953373228
2139	0.09953044068
2140	0.09952653044
2141	0.09952342322
2142	0.09952098619
2143	0.09951923934
2144	0.09951454028
2145	0.09951211455
2146	0.09951052371
2147	0.09950738055
2148	0.09950262839
2149	0.09950055877
2150	0.09949799231
2151	0.09949201274
2152	0.09948959847
2153	0.09948545998
2154	0.09948106014
2155	0.09947996115
2156	0.09947785121
2157	0.09947265069
2158	0.0994697362
2159	0.09946765705
2160	0.09946215421
2161	0.09945844532
2162	0.09945354511
2163	0.09945183904
2164	0.09944953881
2165	0.09944578393
2166	0.09944241429
2167	0.09943953705
2168	0.09943773096
2169	0.09943577905
2170	0.09943216777
2171	0.09942915301
2172	0.09942366948
2173	0.09942099159
2174	0.09941765807
2175	0.09941454974
2176	0.09941090493
2177	0.09940693236
2178	0.0994022784
2179	0.09939976216
2180	0.09939818525
2181	0.09939232089
2182	0.09938825212
2183	0.09938347844
2184	0.09938266912
2185	0.09938006354
2186	0.09937598724
2187	0.09937427398
2188	0.09937279692
2189	0.09937151409
2190	0.09936894785
2191	0.0993650258
2192	0.09936309914
2193	0.09935993288
2194	0.09935709938
2195	0.09935387429
2196	0.09935206072
2197	0.09935008634
2198	0.09934801043
2199	0.09934428406
2200	0.09934011481
2201	0.09933622712
2202	0.09933346924
2203	0.09933007156
2204	0.09932779317
2205	0.09932433053
2206	0.09931937432
2207	0.09931568317
2208	0.09931179634
2209	0.09930945209
2210	0.09930353512
2211	0.0992996014
2212	0.09929683605
2213	0.09929411839
2214	0.09929087326
2215	0.09928629059
2216	0.09928434949
2217	0.09928120867
2218	0.09927932942
2219	0.09927644298
2220	0.09927126015
2221	0.09926683573
2222	0.0992638387
2223	0.09926242428
2224	0.09925920559
2225	0.09925371519
2226	0.09925054032
2227	0.0992470409
2228	0.09924378595
2229	0.09924078982
2230	0.09923773972
2231	0.09923259535
2232	0.09922712036
2233	0.09922284636
2234	0.09921854175
2235	0.09921553083
2236	0.09921076869
2237	0.0992090346
2238	0.0992071837
2239	0.09920508037
2240	0.09920107713
2241	0.0991981026
2242	0.09919418566
2243	0.0991917215
2244	0.09918738743
2245	0.09918506565
2246	0.09918055036
2247	0.0991780311
2248	0.09917448073
2249	0.09917095917
2250	0.09916769028
2251	0.09916469137
2252	0.09916213995
2253	0.09915985507
2254	0.09915841515
2255	0.09915483423
2256	0.09915183936
2257	0.09914941846
2258	0.09914608211
2259	0.09914289688
2260	0.09914012067
2261	0.099137597
2262	0.09913452611
2263	0.09913025913
2264	0.09912824361
2265	0.09912617624
2266	0.09912402837
2267	0.09912073216
2268	0.09911780213
2269	0.09911424899
2270	0.09911253641
2271	0.09910900271
2272	0.09910623749
2273	0.09910294499
2274	0.09909889339
2275	0.09909555346
2276	0.0990934783
2277	0.0990915889
2278	0.09908833565
2279	0.09908474384
2280	0.09908223442
2281	0.09907935329
2282	0.09907591895
2283	0.09907338772
2284	0.09907052762
2285	0.09906662304
2286	0.09906285618
2287	0.09905883702
2288	0.09905406464
2289	0.09904926621
2290	0.09904618003
2291	0.09904232306
2292	0.09904118789
2293	0.09903816364
2294	0.0990361212
2295	0.09903422019
2296	0.09903135668
2297	0.09902914927
2298	0.09902560432
2299	0.09902309994
2300	0.09901974051
2301	0.09901657877
2302	0.09901515953
2303	0.0990113416
2304	0.0990062224
2305	0.09900230633
2306	0.09900064392
2307	0.09899632102
2308	0.09899295316
2309	0.09898810104
2310	0.09898447736
2311	0.09898191972
2312	0.09898067262
2313	0.09897772841
2314	0.09897558047
2315	0.09897376294
2316	0.09896922933
2317	0.0989656092
2318	0.09896260975
2319	0.09896032516
2320	0.09895824603
2321	0.09895551453
2322	0.09895417347
2323	0.09895146855
2324	0.0989503164
2325	0.09894679068
2326	0.09894502317
2327	0.09894290235
2328	0.09893880164
2329	0.09893645099
2330	0.09893365032
2331	0.09892934047
2332	0.09892745045
2333	0.09892545974
2334	0.098921788
2335	0.09891884269
2336	0.09891586408
2337	0.09891045979
2338	0.09890919444
2339	0.09890470523
2340	0.09890251424
2341	0.09889868882
2342	0.0988970791
2343	0.09889381556
2344	0.09889090368
2345	0.09888810431
2346	0.09888515242
2347	0.0988820705
2348	0.09888007623
2349	0.09887437703
2350	0.09887136367
2351	0.09886983821
2352	0.098867663
2353	0.09886417991
2354	0.09886220145
2355	0.09885960034
2356	0.09885613793
2357	0.09885407761
2358	0.09884968972
2359	0.09884753499
2360	0.09884621543
2361	0.09884145123
2362	0.0988384173
2363	0.0988367022
2364	0.09883290611
2365	0.09883086254
2366	0.09882886106
2367	0.09882485489
2368	0.09882262568
2369	0.09882043774
2370	0.09881846504
2371	0.09881576734
2372	0.09881365629
2373	0.0988101604
2374	0.09880791216
2375	0.09880371493
2376	0.09880092799
2377	0.0987974873
2378	0.09879523746
2379	0.09879268602
2380	0.09879077851
2381	0.09878642875
2382	0.0987825579
2383	0.09877911696
2384	0.09877553686
2385	0.0987725498
2386	0.09877104553
2387	0.09876688722
2388	0.09876251248
2389	0.09875705681
2390	0.0987560296
2391	0.09875310682
2392	0.09875000791
2393	0.0987474528
2394	0.09874388595
2395	0.09874122288
2396	0.09873919593
2397	0.0987354138
2398	0.0987329755
2399	0.09872981875
2400	0.09872737873
2401	0.09872523372
2402	0.09872329404
2403	0.09872057918
2404	0.09871629798
2405	0.09871268916
2406	0.09870833337
2407	0.09870434102
2408	0.09870027447
2409	0.0986973451
2410	0.09869454163
2411	0.09869186935
2412	0.09869008556
2413	0.09868802173
2414	0.09868580451
2415	0.09868329392
2416	0.09868106824
2417	0.09867850405
2418	0.09867620221
2419	0.09867249845
2420	0.09866982809
2421	0.0986673294
2422	0.09866375485
2423	0.09865640424
2424	0.0986541787
2425	0.09865289853
2426	0.09864980568
2427	0.09864862055
2428	0.09864604752
2429	0.09864326071
2430	0.09864002626
2431	0.09863627659
2432	0.09863186573
2433	0.09862966293
2434	0.09862671466
2435	0.09862393785
2436	0.0986212564
2437	0.09861836298
2438	0.09861503657
2439	0.09861176296
2440	0.09860939804
2441	0.09860777116
2442	0.09860615545
2443	0.09860479879
2444	0.09860251061
2445	0.09860062516
2446	0.09859731671
2447	0.0985953049
2448	0.0985936643
2449	0.09858887172
2450	0.09858565003
2451	0.09858304137
2452	0.0985793797
2453	0.0985753741
2454	0.09857277466
2455	0.09856866552
2456	0.09856159773
2457	0.09855923353
2458	0.0985570125
2459	0.09855543287
2460	0.09855191911
2461	0.09854665908
2462	0.09854444004
2463	0.09854028866
2464	0.09853720967
2465	0.09853472893
2466	0.0985330944
2467	0.09853063189
2468	0.09852817526
2469	0.09852501384
2470	0.09852198755
2471	0.098518445
2472	0.09851661304
2473	0.09851254338
2474	0.09851122058
2475	0.09850891704
2476	0.09850574669
2477	0.09850223768
2478	0.09850020381
2479	0.09849728555
2480	0.09849376412
2481	0.09849124636
2482	0.09848730459
2483	0.09848520973
2484	0.09848400142
2485	0.09848009852
2486	0.09847842675
2487	0.0984737981
2488	0.09847058075
2489	0.09846697085
2490	0.09846493319
2491	0.09846305941
2492	0.0984582705
2493	0.09845734017
2494	0.0984551143
2495	0.09845312643
2496	0.09844827324
2497	0.09844509944
2498	0.09844364463
2499	0.09844184877
2500	0.09843833324
2501	0.0984357192
2502	0.09843247557
2503	0.09843059429
2504	0.09842787972
2505	0.09842325438
2506	0.09842037217
2507	0.09841941428
2508	0.09841587777
2509	0.09841268963
2510	0.09841075862
2511	0.09840686843
2512	0.09840383459
2513	0.0984021198
2514	0.09840072136
2515	0.09839886961
2516	0.09839624846
2517	0.09839365846
2518	0.09839193395
2519	0.09838880132
2520	0.09838454917
2521	0.09838142777
2522	0.09837876449
2523	0.0983766249
2524	0.0983731223
2525	0.09836975291
2526	0.0983679838
2527	0.09836481652
2528	0.09836204372
2529	0.0983589789
2530	0.098355668
2531	0.09835158557
2532	0.09834795203
2533	0.09834681389
2534	0.09834271271
2535	0.09833986946
2536	0.09833839294
2537	0.09833557702
2538	0.09833297875
2539	0.09833016865
2540	0.09832893116
2541	0.09832618497
2542	0.09832457979
2543	0.09832353722
2544	0.09831947881
2545	0.09831691465
2546	0.09831226923
2547	0.09831042341
2548	0.09830923608
2549	0.09830516133
2550	0.09830236053
2551	0.09829862814
2552	0.09829589411
2553	0.09829423658
2554	0.0982910618
2555	0.09828649113
2556	0.09828397937
2557	0.09828035928
2558	0.09827810015
9815135591
2558	0.09814998028

2557	0.09812548279
2558	0.09812242554
